{
  "images" : [
    {
      "filename" : "Saudi_Riyal_Symbol-1.png",
      "idiom" : "universal",
      "scale" : "1x"
    },
    {
      "filename" : "Saudi_Riyal_Symbol-1 1.png",
      "idiom" : "universal",
      "scale" : "2x"
    },
    {
      "filename" : "Saudi_Riyal_Symbol-1 2.png",
      "idiom" : "universal",
      "scale" : "3x"
    }
  ],
  "info" : {
    "author" : "xcode",
    "version" : 1
  },
  "properties" : {
    "preserves-vector-representation" : true,
    "template-rendering-intent" : "template"
  }
}
